{
    "rmse": 0.8042881122980602,
    "mae": 0.6570101469557718,
    "r2": 0.01013991182475471
}